"id","title","image","genres","addedIn","release","averageRating","rating","backlogged"
"68","Resident Evil: Welcome to Raccoon City","https://image.tmdb.org/t/p/original//jPF6wQqKwv3xrXnaIEEyJaJwClf.jpg","Horror,Science Fiction,Action,","2023","2021-11-24 00:00:00.000","6.1","1.5","0"
"69","Glass Onion: A Knives Out Mystery","https://image.tmdb.org/t/p/original//vDGr1YdrlfbU9wxTOdpf3zChmv9.jpg","Komödie,Krimi,Mystery,","2023","2022-11-23 00:00:00.000","7.1","4","0"
"70","Harry Potter 20th Anniversary: Return to Hogwarts","https://image.tmdb.org/t/p/original//gbzGZ0sQVjNDeG1U9ZwOLa0lVbL.jpg","Dokumentarfilm,","2022","2022-01-01 00:00:00.000","7.3","3","0"
"71","Guardians of the Galaxy Vol. 2","https://image.tmdb.org/t/p/original//txB1e1QSR2sedZsCjGBMgiT8hPm.jpg","Abenteuer,Action,Science Fiction,","2022","2017-05-05 00:00:00.000","7.6","5","0"
"72","Spider-Man: Homecoming","https://image.tmdb.org/t/p/original//iUJKhJVOjy4lvghAF84eMuWk8Ge.jpg","Action,Abenteuer,Science Fiction,","2022","2017-07-07 00:00:00.000","7.4","5","0"
"73","Red Notice","https://image.tmdb.org/t/p/original//qMcujb8b0Efsnz3kB0WwasmJNYj.jpg","Action,Komödie,Krimi,","2022","2021-11-05 00:00:00.000","6.8","3","0"
"74","Thor: Tag der Entscheidung","https://image.tmdb.org/t/p/original//8etFULS6CRN39vvXykQH1mUD1yB.jpg","Action,Abenteuer,Fantasy,","2022","2017-11-03 00:00:00.000","7.6","4.5","0"
"75","Cash Truck","https://image.tmdb.org/t/p/original//3fJQeeF6sJ2xMtrVZecw1QowHdG.jpg","Action,Krimi,Thriller,","2022","2021-05-07 00:00:00.000","7.7","2.5","0"
"76","Sieben","https://image.tmdb.org/t/p/original//79tFIrbMweqs52PxForIRJRFCIW.jpg","Krimi,Mystery,Thriller,","2022","1995-09-22 00:00:00.000","8.4","3.5","0"
"77","The Covenant","https://image.tmdb.org/t/p/original//wsd4dWaVklbdYPWHl7eGbKRAODv.jpg","Horror,","2022","2017-02-07 00:00:00.000","4.6","1.5","0"
"78","Guns Akimbo","https://image.tmdb.org/t/p/original//1pvLVieWEQJSyYtObNaBMoDoKqh.jpg","Komödie,Action,","2022","2020-02-28 00:00:00.000","6.5","4","0"
"79","Knives Out - Mord ist Familiensache","https://image.tmdb.org/t/p/original//ftCASOlSQ6QtjS3TIJB7xXHW5H9.jpg","Komödie,Krimi,Mystery,","2022","2019-11-27 00:00:00.000","7.9","5","0"
"80","Das Schloss im Himmel","https://image.tmdb.org/t/p/original//fJawYdTmoGXZyF9MzJpEtlAVb3s.jpg","Abenteuer,Fantasy,Animation,","2022","1989-04-01 00:00:00.000","8","5","0"
"81","The Grudge","https://image.tmdb.org/t/p/original//sVpA6uW6aFgRDtXxzwAQYkAvnqa.jpg","Horror,Mystery,","2022","2020-01-03 00:00:00.000","5.5","1","0"
"82","The Batman","https://image.tmdb.org/t/p/original//6zm78OqO4jWCpuaZ7q6Mb5j1beM.jpg","Krimi,Mystery,Thriller,","2022","2022-03-04 00:00:00.000","7.7","4.5","0"
"83","Don't Tell a Soul","https://image.tmdb.org/t/p/original//2lla8pP0wNlDAFgV83nZpYMWkeT.jpg","Krimi,","2022","2021-01-15 00:00:00.000","6.9","2","0"
"84","Antlers","https://image.tmdb.org/t/p/original//pBsetLoUvylC9ziMbmrPpVmevFX.jpg","Drama,Horror,Mystery,","2022","2021-10-29 00:00:00.000","6.3","1","0"
"85","Texas Chainsaw Massacre","https://image.tmdb.org/t/p/original//meRIRfADEGVo65xgPO6eZvJ0CRG.jpg","Horror,Thriller,","2022","2022-02-18 00:00:00.000","5.2","2","0"
"86","The Adam Project","https://image.tmdb.org/t/p/original//cudFMLMIMcdD761CXjixqdJ0zf6.jpg","Abenteuer,Science Fiction,","2022","2022-03-11 00:00:00.000","7.1","3.5","0"
"87","Uncharted","https://image.tmdb.org/t/p/original//sqLowacltbZLoCa4KYye64RvvdQ.jpg","Action,Abenteuer,","2022","2022-02-18 00:00:00.000","7.1","2.5","0"
"88","His House","https://image.tmdb.org/t/p/original//idh2QAy5NwBRN94ScmtWrukvOgJ.jpg","Horror,Thriller,","2022","2020-01-27 00:00:00.000","6.5","2.5","0"
"89","Pig","https://image.tmdb.org/t/p/original//1h7n9HmiouinyFFkjRbnteR6jNe.jpg","Drama,Thriller,","2022","2021-07-16 00:00:00.000","6.6","4","0"
"90","47 Ronin","https://image.tmdb.org/t/p/original//rveW1dfhhqhVqPIwa9IIVBPGgyb.jpg","Drama,Action,Fantasy,","2022","2013-12-25 00:00:00.000","6.1","2.5","0"
"91","Nobody","https://image.tmdb.org/t/p/original//vADkdNoZ2wEWMe49k1IyO5AE4P4.jpg","Action,Krimi,Thriller,","2022","2021-03-26 00:00:00.000","8.1","4","0"
"92","Morbius","https://image.tmdb.org/t/p/original//6JjfSchsU6daXk2AKX8EEBjO3Fm.jpg","Action,Science Fiction,Fantasy,","2022","2022-04-01 00:00:00.000","6.2","3","0"
"93","Phantastische Tierwesen und wo sie zu finden sind","https://image.tmdb.org/t/p/original//9fTueAwk3btPHxFhi0PlcS2P9mb.jpg","Action,Abenteuer,Fantasy,","2022","2016-11-18 00:00:00.000","7.3","4","0"
"94","Jujutsu Kaisen 0","https://image.tmdb.org/t/p/original//4MAIb2ctURfs9YNIcEzk0IS4M5I.jpg","Animation,Action,Fantasy,","2022","2022-03-18 00:00:00.000","8.3","5","0"
"95","Phantastische Tierwesen: Grindelwalds Verbrechen","https://image.tmdb.org/t/p/original//wNGupBYMeUCmXCT3nUUQzIVLmuf.jpg","Fantasy,Abenteuer,Action,","2022","2018-11-16 00:00:00.000","6.9","3","0"
"96","Phantastische Tierwesen: Dumbledores Geheimnisse","https://image.tmdb.org/t/p/original//azNO7GzLjSRo1vt99gT6PY4O7M0.jpg","Fantasy,Abenteuer,Action,","2022","2022-04-15 00:00:00.000","6.8","3.5","0"
"97","The Northman","https://image.tmdb.org/t/p/original//kPUjG92le8QfG1BP2WzptMoT7PJ.jpg","Action,Abenteuer,Fantasy,","2022","2022-04-22 00:00:00.000","7.1","4","0"
"98","Doctor Strange in the Multiverse of Madness","https://image.tmdb.org/t/p/original//nRDLWnkyMpG2OnI9ZsV11y7Dh28.jpg","Fantasy,Action,Abenteuer,","2022","2022-05-06 00:00:00.000","7.4","4","0"
"99","Everything Everywhere All at Once","https://image.tmdb.org/t/p/original//d0H0WwZOnUDF0Pe2aAynFhli0nt.jpg","Action,Abenteuer,Science Fiction,","2022","2022-03-25 00:00:00.000","8.1","5","0"
"100","The Cabin in the Woods","https://image.tmdb.org/t/p/original//H00vei4r34VN5LjBONjMOwb5Kt.jpg","Horror,Fantasy,","2022","2012-04-12 00:00:00.000","6.6","2","0"
"101","Jackass 4.5","https://image.tmdb.org/t/p/original//bl686OSeMQOvs90IQAgt8QipCsB.jpg","Komödie,Action,Dokumentarfilm,","2022","2022-05-20 00:00:00.000","6.5","2.5","0"
"102","Jackass Forever","https://image.tmdb.org/t/p/original//mngVoRTfXT2tV7zaC2Xnq3u8RAR.jpg","Komödie,Dokumentarfilm,","2022","2022-02-04 00:00:00.000","6.8","2.5","0"
"103","Run","https://image.tmdb.org/t/p/original//aG8GSZSekxUlprmExbsHhPEeSvP.jpg","Thriller,Horror,Drama,","2022","2020-10-08 00:00:00.000","7.4","4","0"
"104","Thor: Love and Thunder","https://image.tmdb.org/t/p/original//yplCZnNHgMeGWEOa0e1bp6kfDOB.jpg","Fantasy,Action,Komödie,","2022","2022-07-08 00:00:00.000","6.7","3.5","0"
"105","Malasaña 32 – Haus des Bösen","https://image.tmdb.org/t/p/original//oml3XrQYGb31B5nRa8VGcyq6Hte.jpg","Drama,Horror,","2022","2021-07-07 00:00:00.000","6.5","1.5","0"
"106","Prey","https://image.tmdb.org/t/p/original//nglFdIeslQWImpuDABkVOxPDX1Z.jpg","Thriller,Action,Science Fiction,","2022","2022-08-02 00:00:00.000","7.8","3.5","0"
"107","Bullet Train","https://image.tmdb.org/t/p/original//kem6mZifzyIec1TDpd9srSRTpv7.jpg","Action,Komödie,Thriller,","2022","2022-08-05 00:00:00.000","7.5","3.5","0"
"108","Der Gesang der Flusskrebse","https://image.tmdb.org/t/p/original//2XsbkYabnSRtkHrxWk16v8oKA8m.jpg","Mystery,Drama,Thriller,","2022","2022-07-15 00:00:00.000","7.6","4","0"
"109","Nope","https://image.tmdb.org/t/p/original//2kQczFyFkZnIIukFi95tedMrmm.jpg","Horror,Mystery,Science Fiction,","2022","2022-07-22 00:00:00.000","6.9","0.5","0"
"110","Day Shift","https://image.tmdb.org/t/p/original//7kVcCiB9AWXaqoz39F7CqEQoE4n.jpg","Action,Fantasy,Horror,","2022","2022-08-10 00:00:00.000","6.9","3","0"
"111","Samaritan","https://image.tmdb.org/t/p/original//vwq5iboxYoaSpOmEQrhq9tHicq7.jpg","Action,Drama,Science Fiction,","2022","2022-08-25 00:00:00.000","6.8","2.5","0"
"112","The House at Night","https://image.tmdb.org/t/p/original//1csjEnBEZ3aLWyA5TUv0sEmewFk.jpg","Drama,Horror,Mystery,","2022","2021-08-20 00:00:00.000","6.7","1","0"
"113","The Sadness","https://image.tmdb.org/t/p/original//ghZw8AY4AgypSr5BmZcTAsX8bXN.jpg","Horror,Thriller,","2022","2022-05-12 00:00:00.000","6.7","0.5","0"
"114","Fate/Grand Order: First Order","https://image.tmdb.org/t/p/original//3u9kOT50sUxGGfzcVjljlQXbt4p.jpg","Action,Fantasy,Animation,","2022","2016-12-31 00:00:00.000","6.9","2","0"
"115","The Gray Man","https://image.tmdb.org/t/p/original//dsfrCccKPwPjBwL06cgWdVgwVkp.jpg","Action,Thriller,","2022","2022-07-15 00:00:00.000","7","2.5","0"
"116","Spider-Man: No Way Home","https://image.tmdb.org/t/p/original//iNKf4D0AzOj9GLq8ZyG3WZaqibL.jpg","Action,Abenteuer,Science Fiction,","2022","2021-12-17 00:00:00.000","8","5","0"
"117","Black Adam","https://image.tmdb.org/t/p/original//af5jyYU0DcQeI7z1YpKPTIbgPKX.jpg","Fantasy,Action,Science Fiction,","2022","2022-10-21 00:00:00.000","7.2","3","0"
"118","Black Panther: Wakanda Forever","https://image.tmdb.org/t/p/original//vo9QISNKYtDN40VKfQkPxbMOO9j.jpg","Action,Abenteuer,Science Fiction,","2022","2022-11-11 00:00:00.000","7.5","4","0"
"119","The Menu","https://image.tmdb.org/t/p/original//z4KppocjuYkxK4UOzgWqRS666IB.jpg","Komödie,Horror,Thriller,","2022","2022-11-18 00:00:00.000","7.3","4","0"
"120","Mr. Harrigan's Phone","https://image.tmdb.org/t/p/original//gPn9e8eP7TeKQU4IeWAMzOajR40.jpg","Drama,Thriller,Horror,","2022","2022-10-05 00:00:00.000","6.5","3","0"
"121","Stundenplan","https://image.tmdb.org/t/p/original//8m8q0oSGoUEfWiwR5S9lqLgE68J.jpg","Krimi,Thriller,","2022","2022-11-23 00:00:00.000","6.3","2.5","0"
"123","Ponyo - Das große Abenteuer am Meer","https://image.tmdb.org/t/p/original//wOQh7nZxNC6cEwrm9tP230MoVLz.jpg","Animation,Fantasy,Familie,","2022","2009-08-14 00:00:00.000","7.7","4","0"
"124","Avatar: The Way of Water","https://image.tmdb.org/t/p/original//bb1J2UjJQ8GfutD5L4ktprw5wBS.jpg","Science Fiction,Abenteuer,Action,","2022","2022-12-16 00:00:00.000","7.7","3.5","0"
"125","Terrifier - Ein wirklich böser Clown","https://image.tmdb.org/t/p/original//6PQqC4SbY910VvyVad6mvsboILU.jpg","Horror,Thriller,","2022","2016-03-15 00:00:00.000","6.6","2","0"
"126","Terrifier 2","https://image.tmdb.org/t/p/original//ydOS2qCqIdPvYbFuWFq1pfAzYsy.jpg","Horror,","2022","2022-10-06 00:00:00.000","7","2","0"
"127","Schlummerland","https://image.tmdb.org/t/p/original//3xrcEs9D93EsNWEG1UejBRyV8YB.jpg","Familie,Fantasy,Abenteuer,","2022","2022-11-09 00:00:00.000","7.6","1.5","0"
"128","Belle","https://image.tmdb.org/t/p/original//1hVkwW1gawLbDTNzFvZyN5PZImS.jpg","Animation,Science Fiction,Familie,","2022","2022-01-14 00:00:00.000","7.9","3.5","0"
"129","Voces – Die Stimmen","https://image.tmdb.org/t/p/original//knOnjjSMjQEoX8MYNhhNkwFS1ZN.jpg","Drama,Horror,Thriller,","2021","2020-11-27 00:00:00.000","6.6","2","0"
"130","Soul","https://image.tmdb.org/t/p/original//hm58Jw4Lw8OIeECIq5qyPYhAeRJ.jpg","Animation,Familie,Komödie,","2021","2020-12-25 00:00:00.000","8.2","4","0"
"131","Ninja Assassin","https://image.tmdb.org/t/p/original//cWeShSNNKGW76E2nTrmic5G60wN.jpg","Action,Thriller,","2021","2009-09-29 00:00:00.000","6.5","1.5","0"
"132","Avengers: Age of Ultron","https://image.tmdb.org/t/p/original//woAP8YaiVIuo7YXTeqVQEhXBdfz.jpg","Action,Abenteuer,Science Fiction,","2021","2015-05-01 00:00:00.000","7.3","4","0"
"133","Wonder Woman 1984","https://image.tmdb.org/t/p/original//ftwMLX86qWcE3GI8wwfeLotorAc.jpg","Action,Abenteuer,Fantasy,","2021","2020-12-25 00:00:00.000","6.5","0.5","0"
"134","Phineas und Ferb – Der Film: Candace gegen das Universum","https://image.tmdb.org/t/p/original//44WBR3EDMBEvxBdZvtObnC2lopj.jpg","Familie,Animation,Science Fiction,","2021","2020-08-28 00:00:00.000","7.3","2","0"
"135","Zack Snyder's Justice League","https://image.tmdb.org/t/p/original//wg9km39kAI7lTyc1sfuUQUJDdYV.jpg","Action,Abenteuer,Fantasy,","2021","2021-03-18 00:00:00.000","8.2","3","0"
"136","28 Days Later","https://image.tmdb.org/t/p/original//iME8NTowyi42Dp2YpSp17J59wyO.jpg","Horror,Thriller,Science Fiction,","2021","2003-06-27 00:00:00.000","7.2","3","0"
"137","28 Weeks Later","https://image.tmdb.org/t/p/original//sPd5yoUn6T1dzRSUoMvY3hPUxSe.jpg","Horror,Thriller,Science Fiction,","2021","2007-05-11 00:00:00.000","6.6","3","0"
"138","Seaspiracy","https://image.tmdb.org/t/p/original//iFNri0fwn1WfCoxf3H3v1z8dCm4.jpg","Dokumentarfilm,","2021","2021-03-24 00:00:00.000","7.9","4","0"
"139","My Hero Academia - Two Heroes","https://image.tmdb.org/t/p/original//sRgCbH98p8HE4bG8fSMQxFZs6GX.jpg","Animation,Action,Abenteuer,","2021","2018-09-25 00:00:00.000","7.9","3.5","0"
"141","My Hero Academia - Heroes Rising","https://image.tmdb.org/t/p/original//dM4WSoNGZXRGDAmUvsZmft5m3Mq.jpg","Animation,Action,Fantasy,","2021","2020-02-26 00:00:00.000","8.2","3.5","0"
"142","Constantine","https://image.tmdb.org/t/p/original//sfzfZtEhRkAUWRjxRlzhcV6uas6.jpg","Fantasy,Action,Horror,","2021","2005-02-18 00:00:00.000","7","3","0"
"143","Kung Fu Hustle","https://image.tmdb.org/t/p/original//x1chznFnnYy44NmqAk7qJaeHlZC.jpg","Action,Komödie,Krimi,","2021","2005-04-08 00:00:00.000","7.4","4","0"
"144","Parasite","https://image.tmdb.org/t/p/original//hoqe3leVhHBgboB6G1bv1kB8K4p.jpg","Komödie,Thriller,Drama,","2021","2019-10-11 00:00:00.000","8.5","5","0"
"145","Tenet","https://image.tmdb.org/t/p/original//gr8rLs4QSu3c7sksYxUXqAvjTtL.jpg","Action,Thriller,Science Fiction,","2021","2020-09-03 00:00:00.000","7.2","5","0"
"146","Ghost in the Shell","https://image.tmdb.org/t/p/original//gsSpgjBGbxFgOWrRkKtwLax99az.jpg","Action,Krimi,Mystery,","2021","2017-03-31 00:00:00.000","6.1","1.5","0"
"147","Raya und der letzte Drache","https://image.tmdb.org/t/p/original//4ttpaPLFYCFrRgv3qVzNKTjwau1.jpg","Animation,Familie,Fantasy,","2021","2021-03-05 00:00:00.000","7.9","2","0"
"148","Black Widow","https://image.tmdb.org/t/p/original//gkyoYo9d6g98xjScnZwh3nL2Yfp.jpg","Action,Abenteuer,Science Fiction,","2021","2021-07-09 00:00:00.000","7.4","3.5","0"
"149","The Suicide Squad","https://image.tmdb.org/t/p/original//zNrFrmShSsu0bZfa6paQ2Dhv7En.jpg","Action,Komödie,Abenteuer,","2021","2021-08-06 00:00:00.000","7.6","4","0"
"150","Escape Room 2: No Way Out","https://image.tmdb.org/t/p/original//7n4G6SxvdWoFlePn5WcHomH6tCP.jpg","Horror,Thriller,Mystery,","2021","2021-07-16 00:00:00.000","6.7","2","0"
"151","Katakomben","https://image.tmdb.org/t/p/original//z2RKDmw078khx29BQXHjvSrmSiA.jpg","Horror,Thriller,","2021","2014-08-29 00:00:00.000","6.6","2.5","0"
"152","Godzilla vs. Kong","https://image.tmdb.org/t/p/original//vNKXuyL30bwFIafvg2ouKK0KDk9.jpg","Action,Fantasy,Science Fiction,","2021","2021-03-31 00:00:00.000","7.7","2.5","0"
"153","The Witcher: Nightmare of the Wolf","https://image.tmdb.org/t/p/original//3sLz2yv6vBDWqBbd8rdnNeoJ2kJ.jpg","Animation,Action,Fantasy,","2021","2021-08-23 00:00:00.000","7.6","4.5","0"
"154","Shang-Chi and the Legend of the Ten Rings","https://image.tmdb.org/t/p/original//AjXzHBNlmCXZnvpONbUhGtgiUiA.jpg","Action,Abenteuer,Fantasy,","2021","2021-09-03 00:00:00.000","7.6","5","0"
"155","Sweet Girl","https://image.tmdb.org/t/p/original//cP7odDzzFBD9ycxj2laTeFWGLjD.jpg","Action,Thriller,Drama,","2021","2021-08-18 00:00:00.000","6.7","2.5","0"
"157","Oxygen","https://image.tmdb.org/t/p/original//4ieLwzPsmYmmSfy34eIIOfWu6zo.jpg","Science Fiction,Thriller,Horror,","2021","2021-05-12 00:00:00.000","6.6","2","0"
"158","Candyman","https://image.tmdb.org/t/p/original//mx9dUkAKzIXaeNY5jtjHZcIeWh0.jpg","Horror,Mystery,Thriller,","2021","2021-08-27 00:00:00.000","6.1","2.5","0"
"159","Malevolent","https://image.tmdb.org/t/p/original//lm29Sf2uI69CmbCsUkWFn7sbvL6.jpg","Horror,","2021","2018-10-05 00:00:00.000","5","2","0"
"160","Army of the Dead","https://image.tmdb.org/t/p/original//z8CExJekGrEThbpMXAmCFvvgoJR.jpg","Action,Krimi,Horror,","2021","2021-05-14 00:00:00.000","6.3","2.5","0"
"161","Don't Breathe 2","https://image.tmdb.org/t/p/original//jxdXp1ZAE47AiaktKRJtoG0xYpq.jpg","Thriller,Horror,","2021","2021-08-13 00:00:00.000","7.2","3","0"
"162","Blood Red Sky","https://image.tmdb.org/t/p/original//d7nATEk0a6b3n2lqpT2DVgPQ0pc.jpg","Horror,Thriller,Action,","2021","2021-07-23 00:00:00.000","7","3","0"
"163","Demon Slayer: Kimetsu no Yaiba - Mugen Train","https://image.tmdb.org/t/p/original//wms1bzZA6RYAumrq8tysdcRQ0GP.jpg","Animation,Action,Abenteuer,","2021","2021-02-26 00:00:00.000","8.3","5","0"
"164","Dune","https://image.tmdb.org/t/p/original//34Hr4bEzF30jd6sEvI4HihEUEI8.jpg","Science Fiction,Abenteuer,","2021","2021-10-22 00:00:00.000","7.8","3.5","0"
"165","Free Guy","https://image.tmdb.org/t/p/original//7PY0SkhIGgPS4XVyDJqaiDb4T93.jpg","Komödie,Abenteuer,Science Fiction,","2021","2021-08-13 00:00:00.000","7.6","3","0"
"166","Hitman: Agent 47","https://image.tmdb.org/t/p/original//cTW5P48kJEN5SilU9KeOlebIbui.jpg","Action,Krimi,Thriller,","2021","2015-08-21 00:00:00.000","5.8","1","0"
"167","Guardians of the Galaxy","https://image.tmdb.org/t/p/original//2YVXuOMoIuic3xfxyFD5ThGXegb.jpg","Action,Science Fiction,Abenteuer,","2021","2014-08-01 00:00:00.000","7.9","5","0"
"168","Guardians of the Galaxy Vol. 2","https://image.tmdb.org/t/p/original//txB1e1QSR2sedZsCjGBMgiT8hPm.jpg","Abenteuer,Action,Science Fiction,","2021","2017-05-05 00:00:00.000","7.6","5","0"
"169","The Guardians of the Galaxy Holiday Special","https://image.tmdb.org/t/p/original//8dqXyslZ2hv49Oiob9UjlGSHSTR.jpg","Komödie,Science Fiction,Abenteuer,","2022","2022-11-25 00:00:00.000","7.4","4.5","0"
"170","Venom: Let There Be Carnage","https://image.tmdb.org/t/p/original//ztoy8TiHu9qa22bW1DkhdNIzeF9.jpg","Science Fiction,Action,Abenteuer,","2021","2021-10-01 00:00:00.000","6.9","3","0"
"171","Eternals","https://image.tmdb.org/t/p/original//lFByFSLV5WDJEv3KabbdAF959F2.jpg","Science Fiction,Action,Abenteuer,","2021","2021-11-05 00:00:00.000","7","3.5","0"
"172","Mein Nachbar Totoro","https://image.tmdb.org/t/p/original//bPBYikmzC8vP1Njdm6iUQv8eTKD.jpg","Fantasy,Animation,Familie,","2021","1993-05-07 00:00:00.000","8.1","4","0"
"173","Das wandelnde Schloss","https://image.tmdb.org/t/p/original//tXB5bdKfLI3XGrmJqaEh0kTKmH6.jpg","Fantasy,Animation,Abenteuer,","2021","2005-06-10 00:00:00.000","8.4","5","0"
"174","Prinzessin Mononoke","https://image.tmdb.org/t/p/original//vFRKcH8zDqEx4nUnm0cs5lh5wwj.jpg","Abenteuer,Fantasy,Animation,","2021","1999-10-29 00:00:00.000","8.3","5","0"
"175","Spider-Man: No Way Home","https://image.tmdb.org/t/p/original//iNKf4D0AzOj9GLq8ZyG3WZaqibL.jpg","Action,Abenteuer,Science Fiction,","2021","2021-12-17 00:00:00.000","8","5","0"
"176","The First Avenger: Civil War","https://image.tmdb.org/t/p/original//3wx55r7qFwo4SAdNJ9DLRQzQsAq.jpg","Abenteuer,Action,Science Fiction,","2021","2016-05-06 00:00:00.000","7.4","4.5","0"
"177","Doctor Strange","https://image.tmdb.org/t/p/original//mzPnP190YLV4KFL3ZgsP7AsPEd2.jpg","Action,Abenteuer,Fantasy,","2021","2016-11-04 00:00:00.000","7.4","5","0"
"178","Matrix Resurrections","https://image.tmdb.org/t/p/original//hF7jgEhP4ypR2oS5BQD1pxbg7QY.jpg","Science Fiction,Action,Abenteuer,","2021","2021-12-22 00:00:00.000","6.6","2.5","0"
"182","Ant-Man and the Wasp: Quantumania","https://image.tmdb.org/t/p/original//laGvWN0doM6k04MmSLJ3sXaan8N.jpg","Abenteuer,Science Fiction,Komödie,","2023","2023-02-06 00:00:00.000","6.5","3.5","0"
"183","Shazam! Fury of the Gods","https://image.tmdb.org/t/p/original//zpCCTtuQMHiHycpsrWnW2eCrBql.jpg","Action,Komödie,Fantasy,","2023","2023-03-14 00:00:00.000","7.6","3","0"
"184","Smile - Siehst du es auch?","https://image.tmdb.org/t/p/original//gP8a3F36DTE2ytkxIo9gzSQvId1.jpg","Horror,Mystery,Thriller,","2023","2022-09-22 00:00:00.000","6.8","2.5","0"
"185","John Wick: Kapitel 4","https://image.tmdb.org/t/p/original//gB4PchB1nxGmfUgQ6eNCP2j3e9d.jpg","Action,Thriller,Krimi,","2023","2023-03-13 00:00:00.000","8","5","0"
"186","Beast - Jäger ohne Gnade","https://image.tmdb.org/t/p/original//iBjRkKQUQKw8VzSlZzNbjdLOsCZ.jpg","Thriller,Action,Horror,","2023","2022-08-19 00:00:00.000","6.8","2","0"
"187","M3GAN","https://image.tmdb.org/t/p/original//lYNjTvQAnSYnIx8MC6e60f1I9L1.jpg","Science Fiction,Horror,Komödie,","2023","2022-12-07 00:00:00.000","7.4","3","0"
"188","10 Cloverfield Lane","https://image.tmdb.org/t/p/original//fOkilGtbsiM2G1Oxqk21Ql7RSWC.jpg","Thriller,Science Fiction,Drama,","2023","2016-03-08 00:00:00.000","7","5","0"
"189","Colonia Dignidad - Es gibt kein zurück","https://image.tmdb.org/t/p/original//D9Zu8QS1SnELUKNupwkyA55Fd3.jpg","Thriller,Drama,Liebesfilm,","2023","2016-04-15 00:00:00.000","7.3","4.5","0"
"190","The Impossible","https://image.tmdb.org/t/p/original//6E9oBTa1AyOSga7KZAKKNXUacLw.jpg","Abenteuer,Drama,Thriller,","2023","2012-12-04 00:00:00.000","7.4","2.5","0"
"191","Suzume","https://image.tmdb.org/t/p/original//qN1gTF5DhdUWyXBlkRxdRsEkhqh.jpg","Animation,Drama,Abenteuer,","2023","2023-03-05 00:00:00.000","8.2","5","0"
"192","Guardians of the Galaxy: Volume 3","https://image.tmdb.org/t/p/original//72Rz9HSQWnPqwpa3qJzgiZ6WHh.jpg","Science Fiction,Abenteuer,Action,","2023","2023-04-27 00:00:00.000","8.4","4.5","0"
"193","Your Name. Gestern, heute und für immer","https://image.tmdb.org/t/p/original//42FMmVrhsWUa1k1zLxcDzNHWxGp.jpg","Liebesfilm,Animation,Drama,","2023","2016-07-03 00:00:00.000","8.5","5","0"
"194","Spider-Man: Across the Spider-Verse","https://image.tmdb.org/t/p/original//jKM36CaXU4W57jGichRkpc6S5P3.jpg","Action,Abenteuer,Animation,","2023","2023-05-30 00:00:00.000","8.5","5","0"
"195","The Flash","https://image.tmdb.org/t/p/original//tuPAjzS42xDG0LHxTTr4Kma0KOo.jpg","Science Fiction,Action,Abenteuer,","2023","2023-06-12 00:00:00.000","6.7","3","0"
"197","Barbie","https://image.tmdb.org/t/p/original//65k975H5wcRIzePv6lCJhMnRuXg.jpg","Komödie,Abenteuer,Fantasy,","2023","2023-07-09 00:00:00.000","7.5","5","0"
"198","Oppenheimer","https://image.tmdb.org/t/p/original//8Gxv8gSFCU0XGDykEGv7zR1n2ua.jpg","Drama,Historie,","2023","2023-07-21 00:00:00.000","8.3","2.5","0"
"199","The Old Guard","https://image.tmdb.org/t/p/original//2AuZFt994oFQTznOgmZYY1SBado.jpg","Action,Fantasy,","2023","2020-07-10 00:00:00.000","7.2","2.5","0"
"200","Blue Beetle","https://image.tmdb.org/t/p/original//h4BoV9d1rNIWfjlTwZtNbaCkGwn.jpg","Action,Science Fiction,","2023","2023-08-15 00:00:00.000","7.1","3","0"
"201","The Equalizer 3 - The Final Chapter","https://image.tmdb.org/t/p/original//5f6eESHOHirfw4sEFDsbVgx1Rrc.jpg","Action,Thriller,Krimi,","2023","2023-09-01 00:00:00.000","7.1","2.5","0"
"202","The Nun II","https://image.tmdb.org/t/p/original//tPynKTxF9fJrY6cdLS243Cv6TxB.jpg","Horror,Mystery,Thriller,","2023","2023-09-08 00:00:00.000","6.9","2.5","0"
"203","Conjuring 3: Im Bann des Teufels","https://image.tmdb.org/t/p/original//lYriKjYigmIixn7WJtRC307zOQP.jpg","Horror,Mystery,Thriller,","2023","2021-06-04 00:00:00.000","7.5","2.5","0"
"204","Inception","https://image.tmdb.org/t/p/original//t5WUY5ZSxwVIVExaMZmmIj88BKA.jpg","Action,Science Fiction,Abenteuer,","2023","2010-07-16 00:00:00.000","8.4","4","0"
"205","Interstellar","https://image.tmdb.org/t/p/original//hHdhfkkzt0Mwec33Ux177Z7CO8w.jpg","Abenteuer,Drama,Science Fiction,","2023","2014-11-05 00:00:00.000","8.4","5","0"
"206","Drive","https://image.tmdb.org/t/p/original//602vevIURmpDfzbnv5Ubi6wIkQm.jpg","Drama,Thriller,Krimi,","2023","2011-09-16 00:00:00.000","7.6","3.5","0"
"207","Weathering With You - Das Mädchen, das die Sonne berührte","https://image.tmdb.org/t/p/original//5cE0L3msYo2cCDEXlKBb9FV2lTX.jpg","Animation,Drama,Fantasy,","2023","2020-01-15 00:00:00.000","8","4.5","0"
"208","Ready or Not - Auf die Plätze, fertig, tot","https://image.tmdb.org/t/p/original//8KxdQAakZ3mhM8e887ppuX2BVWG.jpg","Komödie,Horror,Thriller,","2023","2019-08-21 00:00:00.000","7.1","3","0"
"209","Das Ding aus einer anderen Welt","https://image.tmdb.org/t/p/original//rLHTFkhFmI39lV8jdK3cs94xgmZ.jpg","Horror,Mystery,Science Fiction,","2023","1982-06-25 00:00:00.000","8.1","3.5","0"
"210","The Marvels","https://image.tmdb.org/t/p/original//6LJBYeOovQQJJ1U1egF5zvQSuzZ.jpg","Science Fiction,Abenteuer,Action,","2023","2023-11-10 00:00:00.000","6.6","3.5","0"
"211","The Advent Calendar","https://image.tmdb.org/t/p/original//psaYUHDotafhVNAE1pZN2GkRXJY.jpg","Horror,Thriller,","2023","2021-12-01 00:00:00.000","6.6","2.5","1"
"212","Inglourious Basterds","https://image.tmdb.org/t/p/original//wRxvEhv5UvJz0h4TgXpbQ3pd1hc.jpg","Drama,Thriller,Kriegsfilm,","2023","2009-08-21 00:00:00.000","8.2","2.5","1"
"214","Brügge sehen... und sterben?","https://image.tmdb.org/t/p/original//kHFYtywpRYw3uxmdbMIZzAJu7od.jpg","Komödie,Drama,Krimi,","2023","2008-02-29 00:00:00.000","7.5","2.5","1"
"215","Chihiros Reise ins Zauberland","https://image.tmdb.org/t/p/original//wWNLsGvKqhi6cNWul0uvhqbQ4kl.jpg","Animation,Familie,Fantasy,","2023","2002-09-20 00:00:00.000","8.5","2.5","1"
"217","Porco Rosso","https://image.tmdb.org/t/p/original//5Ua30TwqJy8RPsk4q9tspl1HEfE.jpg","Familie,Komödie,Animation,","2023","1994-12-16 00:00:00.000","7.8","2.5","1"
"219","A Quiet Place 2","https://image.tmdb.org/t/p/original//7U9Izp2MaVNPqzbSYHLky6ReXvS.jpg","Science Fiction,Thriller,Horror,","2023","2021-05-28 00:00:00.000","7.5","2.5","1"
"220","Blade Runner 2049","https://image.tmdb.org/t/p/original//s8aK8nVeblPwvE1JxBCa29WCm0g.jpg","Science Fiction,Drama,","2023","2017-10-06 00:00:00.000","7.5","2.5","1"
"223","NCT NATION: To the World in Cinemas","https://image.tmdb.org/t/p/original//sQlx6uhrWq3sWqtkkfUAYEqlqxy.jpg","Musik,Dokumentarfilm,","2023","2023-12-06 00:00:00.000","0","3.5","0"
"224","Winnie the Pooh: Blood and Honey","https://image.tmdb.org/t/p/original//uYmH5R7aX5580zpzWHqRavMVnqH.jpg","Horror,Thriller,","2023","2023-02-15 00:00:00.000","5.3","0.5","0"
"225","Slotherhouse - Ein Faultier zum Fürchten","https://image.tmdb.org/t/p/original//8hZrvkjoqOMDTq4OW4T1jNleoSd.jpg","Komödie,Horror,Thriller,","2023","2023-08-30 00:00:00.000","4.5","2","0"
"226","Insidious: The Red Door","https://image.tmdb.org/t/p/original//b0CiU7LOXHdDYTAnPwWhB6JiOUQ.jpg","Horror,Mystery,Thriller,","2023","2023-07-07 00:00:00.000","6.7","3","0"
"227","Nirgendwo","https://image.tmdb.org/t/p/original//rNnYvr43E0sz8RRiKirwWi4xk3D.jpg","Thriller,Drama,","2023","2023-09-29 00:00:00.000","7.5","3.5","0"
"228","Prisoners","https://image.tmdb.org/t/p/original//r5GsQyfb8SMfNIJqiAjNt9ddb2c.jpg","Drama,Thriller,Krimi,","2023","2013-09-20 00:00:00.000","8.1","4","0"
"231","65","https://image.tmdb.org/t/p/original//eN965BUfaQ9zzW3NBAKWthZDL7H.jpg","Science Fiction,Action,Abenteuer,","2023","2023-03-10 00:00:00.000","6.1","3","0"
"232","Geistervilla","https://image.tmdb.org/t/p/original//ajRPeuZWheoTnAuMTEHJmQNdgo2.jpg","Fantasy,Komödie,Horror,","2023","2023-07-28 00:00:00.000","6.6","3","0"
"233","Aquaman: Lost Kingdom","https://image.tmdb.org/t/p/original//jjB6JnhKE5UwMnMKTRzxCbTJkSs.jpg","Action,Abenteuer,Fantasy,","2023","2023-12-22 00:00:00.000","6.5","3","0"
"236","Spider-Man: No Way Home","https://image.tmdb.org/t/p/original//iNKf4D0AzOj9GLq8ZyG3WZaqibL.jpg","Action,Abenteuer,Science Fiction,","2024","2021-12-17 00:00:00.000","8","5","0"
"237","Speak No Evil","https://image.tmdb.org/t/p/original//fpEy1uRYsyi3YS509KYvdDlE32o.jpg","Horror,Thriller,Drama,","2024","2022-09-09 00:00:00.000","6.6","4","0"
"238","Der Super Mario Bros. Film","https://image.tmdb.org/t/p/original//2VhvUgsFKIjBm9NHXeeVqkPtUqe.jpg","Animation,Familie,Abenteuer,","2024","2023-04-05 00:00:00.000","7.7","4","0"
"239","Der Exorzist: Bekenntnis","https://image.tmdb.org/t/p/original//zYSnTaVZaC5r6y0bwCUzyDIVhzM.jpg","Horror,","2024","2023-10-06 00:00:00.000","6.1","2","0"
"240","Cyst","https://image.tmdb.org/t/p/original//5nJwS765eHzCb5M8BTT2sl0lxxv.jpg","Horror,Science Fiction,Komödie,","2024","2020-09-24 00:00:00.000","4.5","0","0"
"241","Dune","https://image.tmdb.org/t/p/original//rADq1EGp4HP5uON810vVDfwdSs6.jpg","Science Fiction,Abenteuer,","2024","2021-10-22 00:00:00.000","7.8","5","0"
"242","South Park (Für Kinder Nicht Geeignet)","https://image.tmdb.org/t/p/original//kN5H9EhUqDWBAsbnbt2XNhS7BFe.jpg","Komödie,Animation,TV-Film,","2024","2023-12-20 00:00:00.000","7.5","3.5","0"
"243","Der Junge und der Reiher","https://image.tmdb.org/t/p/original//evG7UFxDdzWxSGDqOBJX2yJuC7j.jpg","Animation,Abenteuer,Fantasy,","2024","2023-12-08 00:00:00.000","7.4","5","0"
"249","The Innocents","https://image.tmdb.org/t/p/original//exOAKvWgMunzOYqbmQtaWqi6Blk.jpg","Horror,Drama,Fantasy,","2024","2022-05-13 00:00:00.000","7","3","0"
"250","Dune: Part Two","https://image.tmdb.org/t/p/original//iw0O0unCWvHmBB1QlRWVpnKhtJ3.jpg","Action,Abenteuer,Science Fiction,","2024","2024-03-01 00:00:00.000","8.5","5","0"
"251","Orphan: First Kill","https://image.tmdb.org/t/p/original//4c4r8P1yuqd8qCDDWmTU3h7q8Lv.jpg","Horror,Thriller,","2024","2022-08-19 00:00:00.000","6.7","3.5","0"
"255","Cocaine Bear","https://image.tmdb.org/t/p/original//zTKAsyg0kmYwEzAiPn94rC3oYwQ.jpg","Thriller,Komödie,Krimi,","2024","2023-02-24 00:00:00.000","6.1","2.5","0"
"256","Damsel","https://image.tmdb.org/t/p/original//7p2YM1iLhs4iS3BfaOiOqltMn0x.jpg","Mystery,Fantasy,Action,","2024","2024-03-08 00:00:00.000","7.2","2.5","0"
"257","Scary Stories to Tell in the Dark","https://image.tmdb.org/t/p/original//kNjEmQGBm9cYqTB03r6yECozQyW.jpg","Horror,Thriller,","2024","2019-08-09 00:00:00.000","6.5","3.5","0"
"258","Maboroshi","https://image.tmdb.org/t/p/original//hc6CYqHW4W9S5KLgMyeHPMyPrJz.jpg","Animation,Drama,Liebesfilm,","2024","2024-01-15 00:00:00.000","7.5","4","0"
"259","Oldboy","https://image.tmdb.org/t/p/original//w7jTIU9a6Zqp0n1TsTF1lZPlZ1Z.jpg","Drama,Thriller,Mystery,","2024","2005-03-25 00:00:00.000","8.3","4.5","0"
"260","Wind River","https://image.tmdb.org/t/p/original//5JNpgujZl2LbUoqwntMCycV2zhJ.jpg","Krimi,Drama,Mystery,","2024","2017-08-04 00:00:00.000","7.4","3.5","0"
"261","The Raid 2","https://image.tmdb.org/t/p/original//2AoH16dEeodzOR1nu9j88MHPUmU.jpg","Action,Krimi,Thriller,","2024","2014-03-28 00:00:00.000","7.6","3.5","0"
"262","The Raid","https://image.tmdb.org/t/p/original//Icx11EkqhjZiiDmGLGdtPq0geT.jpg","Action,Thriller,Krimi,","2024","2012-03-23 00:00:00.000","7.4","3.5","0"
"263","Arrival","https://image.tmdb.org/t/p/original//4gUgPIhPBoamMdbvqHyjMmb2K60.jpg","Drama,Science Fiction,Mystery,","2024","2016-11-11 00:00:00.000","7.6","4.5","0"
"265","Die Legende der Prinzessin Kaguya","https://image.tmdb.org/t/p/original//h9Sfm5BFN4XZswXbtWUzcS8mqeE.jpg","Animation,Drama,Fantasy,","2024","2014-10-17 00:00:00.000","8.1","3.5","0"
"267","Three Billboards Outside Ebbing, Missouri","https://image.tmdb.org/t/p/original//hvnyHEyl06iixz2ONnMMTkeEOAJ.jpg","Krimi,Drama,","2024","2017-12-01 00:00:00.000","8.1","2","2"
"268","Kikis kleiner Lieferservice","https://image.tmdb.org/t/p/original//tqvaBI50VYztv8jzlsY9982278S.jpg","Animation,Familie,Fantasy,","2024","1998-05-23 00:00:00.000","7.8","4.5","2"
"269","Fight Club","https://image.tmdb.org/t/p/original//rUPKPWBpr2ZbDXXZpT0qgYqTlG9.jpg","Drama,","2024","1999-10-15 00:00:00.000","8.4","4","0"
"271","Civil War","https://image.tmdb.org/t/p/original//BhPpdCICHAl4GQXtX1hdVpXfjK.jpg","Kriegsfilm,Action,Drama,","2024","2024-04-12 00:00:00.000","7.4","3","0"
"272","Baby Driver","https://image.tmdb.org/t/p/original//9HREtuwIVnCdwfIrIyhm98t86AS.jpg","Action,Krimi,","2024","2017-06-28 00:00:00.000","7.5","2.5","1"
"273","Dual","https://image.tmdb.org/t/p/original//wDEse2TQRiyfhdlusSXBdkDOQRj.jpg","Science Fiction,Komödie,Drama,","2024","2022-04-15 00:00:00.000","6","2.5","1"
"274","Final Fantasy VII: Advent Children","https://image.tmdb.org/t/p/original//pTIXM2yu8McSlcQVs1VjVSNC45x.jpg","Animation,Action,Abenteuer,","2024","2006-04-25 00:00:00.000","7.1","2.5","0"
"275","Prestige - Die Meister der Magie","https://image.tmdb.org/t/p/original//rN2eGbRpbJw8ZFVDiQfDxsknirP.jpg","Drama,Mystery,Science Fiction,","2024","2006-10-17 00:00:00.000","8.2","2.5","1"
"276","Furiosa: A Mad Max Saga","https://image.tmdb.org/t/p/original//q7AWq2BZ78mwwKjF3uFYrUON89c.jpg","Action,Abenteuer,Science Fiction,","2024","2024-05-24 00:00:00.000","7.8","4.5","0"
"277","Ex Machina","https://image.tmdb.org/t/p/original//qbXnyOqQGWtvcO3eIyKiBkWKg5M.jpg","Drama,Science Fiction,","2024","2015-04-10 00:00:00.000","7.6","4","0"
"278","Godzilla Minus One","https://image.tmdb.org/t/p/original//jy0CKGuj5gcWn6DAnJ4HEdUgjJO.jpg","Science Fiction,Horror,Action,","2024","2023-12-01 00:00:00.000","7.7","4","0"
"279","Mad Max: Fury Road","https://image.tmdb.org/t/p/original//6zI7lI5Usf5z6wXH9KPWvGWvKS7.jpg","Action,Abenteuer,Science Fiction,","2024","2015-05-15 00:00:00.000","7.6","4.5","0"
"280","Kill Bill - Volume 1","https://image.tmdb.org/t/p/original//blQvG2f7Lm8DFOn4lAfAZ1zEHVG.jpg","Action,Krimi,","2024","2003-10-10 00:00:00.000","8","4","0"
"281","Kill Bill - Volume 2","https://image.tmdb.org/t/p/original//dKkNunmTxT5djk2KPPtIWmVtBNz.jpg","Action,Krimi,Thriller,","2024","2004-04-16 00:00:00.000","7.9","3.5","0"
"282","One for the Road","https://image.tmdb.org/t/p/original//hhfrc52Mal3YcalW10QOjakML7.jpg","Komödie,Drama,","2024","2023-10-26 00:00:00.000","6.2","2.5","1"
"283","PET: Wenn du etwas liebst, lass es nicht los","https://image.tmdb.org/t/p/original//5URC1163UXB2JQPduMNWKSZhUGv.jpg","Horror,Thriller,","2024","2016-12-02 00:00:00.000","5.8","2.5","0"
"284","Kinds of Kindness","https://image.tmdb.org/t/p/original//ohXU0BSJvJuaEuKZJfNy1ZsWCUE.jpg","Drama,Komödie,","2024","2024-06-21 00:00:00.000","6.9","3.5","0"
"285","Poor Things","https://image.tmdb.org/t/p/original//37x8UdSpwoTOva5AUdnHw5VCDD1.jpg","Science Fiction,Liebesfilm,Komödie,","2024","2023-12-08 00:00:00.000","7.8","4","0"
"286","Sicario","https://image.tmdb.org/t/p/original//s9v9EMtparHlLEF43u4gZMielu8.jpg","Action,Krimi,Thriller,","2024","2015-09-18 00:00:00.000","7.4","3","0"
"287","Sicario 2","https://image.tmdb.org/t/p/original//ko0Oi6CYCTfNLCJRN2TuBWXdkFI.jpg","Action,Krimi,Thriller,","2024","2018-06-29 00:00:00.000","6.9","2.5","0"
"288","Donnie Darko","https://image.tmdb.org/t/p/original//yPtjm9QVsXLMsrYFEFZGzdXqsbz.jpg","Fantasy,Drama,Mystery,","2024","2001-10-26 00:00:00.000","7.8","4","0"
"293","Deadpool & Wolverine","https://image.tmdb.org/t/p/original//chDpMyvXNDFMhg3yUknITnGUCUk.jpg","Science Fiction,Action,Komödie,","2024","2024-07-26 00:00:00.000","8.2","4","0"
"294","Legend","https://image.tmdb.org/t/p/original//71d2idrFsrTxkeR4uZCnmkH2EaF.jpg","Krimi,Thriller,","2024","2015-11-20 00:00:00.000","7.1","3","0"
"295","Black Swan","https://image.tmdb.org/t/p/original//wX0hBg6pZFFbvgMvaOHp4Bl4pVL.jpg","Drama,Thriller,Horror,","2024","2010-12-03 00:00:00.000","7.7","4","0"
"296","Evil Dead Rise","https://image.tmdb.org/t/p/original//o69AfVK0YXkbyI0QVayindEFC26.jpg","Horror,Thriller,","2024","2023-04-21 00:00:00.000","7","3","0"
"297","American History X","https://image.tmdb.org/t/p/original//euypWkaYFOLW3e5rLIcTAjWnhhT.jpg","Drama,","2024","1998-10-30 00:00:00.000","8.3","2.5","1"
"298","Neon Genesis Evangelion: The End of Evangelion","https://image.tmdb.org/t/p/original//j6G24dqI4WgUtChhWjfnI4lnmiK.jpg","Animation,Science Fiction,Action,","2024","2024-03-17 00:00:00.000","8.3","2","0"